INDIAN INSTITUTE OF MANAGEMENT RAIPUR,,,,,,,,,,,
eMBA Batch 5 (Term VI) - Class Schedule,,,,,,,,,,,
,,,,,,,,,,,
Date,Day,Session 1,Session 2,Session 3,Session 4,Session 5,,,,,
Sat & Sun timings (Weekend),,10:00 AM-11:30 AM,11:45 AM-01:15 PM,03:00 PM-04:30 PM,04:45 PM- 06:15 PM,06:30 PM- 08:00 PM,,,,,
Mon - Fri timings (Weekdays),,-,-,-,07:30 PM- 09:00 PM,09:15 PM- 10:45 PM,S.No,Course Code,Subject Name,Faculty,Total Session
2-Sep,Wednesday,,,,AIB,AIB,1,SMT,Sales Management,Prof. Sanjeev Prashar,20
3-Sep,Thursday,,,,BST,RWDM,2,BM,Brand Management,Prof. Smriti Pande,20
4-Sep,Friday,Janmashtami (Holiday),,,,,3,CB,Consumer Behavior,Prof. Indirah Indibara,20
5-Sep,Saturday,FRM,FRM,CB,LDP,BST,4,AIB,Artificial Intelligence in Business,Prof. Manojit Chattopadhyay,20
6-Sep,Sunday,BST,DOSCM,PMT,GAI,SMT,5,GAI,GenAI and Business Value Creation,Prof. Varsha Mamidi,20
7-Sep,Monday,,,,SA,PMT,6,SA,Security Analysis,Prof. M. Kannadhasan,20
8-Sep,Tuesday,,,,LDP,FSA,7,FSA,Financial Statement & Analysis,Prof. M. Kannadhasan,20
9-Sep,Wednesday,,,,BDM,CB,8,FRM,Financial Risk Management,Prof. Pranith Kumar Roy,20
10-Sep,Thursday,,,,BST,DOSCM,9,BST,Business Sustainability: Climate Transition for Corporate Resilience,Prof. Rahul B Hiremath,20
11-Sep,Friday,,,,PMT,SA,10,BDM,Business Decision Making,Prof. R K Jana,20
12-Sep,Saturday,BM,BM,GAI,RWDM,SI,11,DOSCM,Digital Operations and Supply Chain Management,Prof. Gopal Kumar,20
13-Sep,Sunday,LDP,SI,FSA,DOSCM,BST,12,PMT,Project Management,Prof. Rajeev A,20
14-Sep,Monday,Vinayaka Chaturthi (Holiday),,,,,13,LDP,Leadership Development,Prof. Munmun Goswami,20
15-Sep,Tuesday,,,,PMT,CB,14,RWDM,Real World Decision Making,Dr. Navin Kumar Saxena,20
16-Sep,Wednesday,,,,AIB,AIB,15,SI,Strategy Innovation,Visiting Faculty,20
17-Sep,Thursday,,,,BDM,BDM,,,TOTAL,,
18-Sep,Friday,,,,GAI,SA,,,,,
19-Sep,Saturday,SI,SI,BM,LDP,FSA,,,,,
20-Sep,Sunday,SMT,FRM,FRM,CB,DOSCM,,,,,
21-Sep,Monday,,,,GAI,PMT,,,,,
22-Sep,Tuesday,,,,RWDM,BDM,,,,,
23-Sep,Wednesday,,,,SI,LDP,,,,,
24-Sep,Thursday,,,,BST,SA,,,,,
25-Sep,Friday,,,,GAI,CB,,,,,
26-Sep,Saturday,SI,SI,FSA,BM,SMT,,,,,
27-Sep,Sunday,FRM,FRM,DOSCM,SI,PMT,,,,,
28-Sep,Monday,,,,GAI,RWDM,,,,,
29-Sep,Tuesday,,,,SA,LDP,,,,,
30-Sep,Wednesday,,,,SI,CB,,,,,
1-Oct,Thursday,,,,BST,SMT,,,,,
2-Oct,Friday,Gandhi Jayanti (Holiday),,,,,,,,,
3-Oct,Saturday,BM,FSA,RWDM,PMT,PMT,,,,,
4-Oct,Sunday,SA,LDP,GAI,DOSCM,SI,,,,,
5-Oct,Monday,,,,SMT,BST,,,,,
6-Oct,Tuesday,,,,FSA,CB,,,,,
7-Oct,Wednesday,,,,RWDM,BM,,,,,
8-Oct,Thursday,,,,AIB,AIB,,,,,
9-Oct,Friday,,,,BDM,BDM,,,,,
10-Oct,Saturday,FRM,FRM,SA,SI,SMT,,,,,
11-Oct,Sunday,GAI,DOSCM,LDP,FSA,CB,,,,,
12-Oct,Monday,,,,PMT,BST,,,,,
13-Oct,Tuesday,,,,BM,RWDM,,,,,
14-Oct,Wednesday,,,,SMT,BDM,,,,,
15-Oct,Thursday,,,,SA,SMT,,,,,
16-Oct,Friday,,,,DOSCM,FSA,,,,,
17-Oct,Saturday,BM,LDP,RWDM,GAI,PMT,,,,,
18-Oct,Sunday,SI,SI,CB,BST,FSA,,,,,
19-Oct,Monday,,,,RWDM,SA,,,,,
20-Oct,Tuesday,Dussehra (Holiday),,,,,,,,,
21-Oct,Wednesday,,,,DOSCM,BM,,,,,
22-Oct,Thursday,,,,RWDM,PMT,,,,,
23-Oct,Friday,,,,SMT,CB,,,,,
24-Oct,Saturday,FRM,FRM,GAI,LDP,FSA,,,,,
25-Oct,Sunday,AIB,AIB,CB,SI,SI,,,,,
26-Oct,Monday,,,,DOSCM,SA,,,,,
27-Oct,Tuesday,,,,PMT,BM,,,,,
28-Oct,Wednesday,,,,SMT,LDP,,,,,
29-Oct,Thursday,,,,BDM,BDM,,,,,
30-Oct,Friday,,,,FSA,BM,,,,,
31-Oct,Saturday,GAI,SA,DOSCM,LDP,CB,,,,,
1-Nov,Sunday,FRM,FRM,BST,PMT,RWDM,,,,,
2-Nov,Monday,,,,AIB,AIB,,,,,
3-Nov,Tuesday,,,,BDM,SMT,,,,,
4-Nov,Wednesday,,,,BM,SI,,,,,
5-Nov,Thursday,,,,BST,SA,,,,,
6-Nov,Friday,,,,GAI,FSA,,,,,
7-Nov,Saturday,CB,PMT,LDP,RWDM,DOSCM,,,,,
8-Nov,Sunday,Diwali (Holiday),,,,,,,,,
9-Nov,Monday,,,,BDM,SMT,,,,,
10-Nov,Tuesday,,,,SA,LDP,,,,,
11-Nov,Wednesday,,,,GAI,SI,,,,,
12-Nov,Thursday,,,,DOSCM,SMT,,,,,
13-Nov,Friday,,,,FSA,CB,,,,,
14-Nov,Saturday,AIB,AIB,BM,RWDM,PMT,,,,,
15-Nov,Sunday,FRM,FRM,BST,GAI,SI,,,,,
16-Nov,Monday,,,,SA,BDM,,,,,
17-Nov,Tuesday,,,,DOSCM,LDP,,,,,
18-Nov,Wednesday,,,,CB,SMT,,,,,
19-Nov,Thursday,,,,FSA,RWDM,,,,,
20-Nov,Friday,,,,DOSCM,BM,,,,,
21-Nov,Saturday,LDP,GAI,PMT,SI,SI,,,,,
22-Nov,Sunday,SMT,SA,RWDM,BST,CB,,,,,
23-Nov,Monday,,,,RWDM,FSA,,,,,
24-Nov,Tuesday,Guru Nanak Jayanti (Holiday),,,,,,,,,
25-Nov,Wednesday,,,,GAI,DOSCM,,,,,
26-Nov,Thursday,,,,AIB,AIB,,,,,
27-Nov,Friday,,,,SMT,BM,,,,,
28-Nov,Saturday,FRM,FRM,SA,CB,LDP,,,,,
29-Nov,Sunday,BST,BDM,BDM,RWDM,PMT,,,,,
30-Nov,Monday,,,,GAI,FSA,,,,,
1-Dec,Tuesday,,,,LDP,BST,,,,,
2-Dec,Wednesday,,,,SMT,CB,,,,,
3-Dec,Thursday,,,,SA,DOSCM,,,,,
4-Dec,Friday,,,,BM,PMT,,,,,
5-Dec,Saturday,GAI,SMT,BM,RWDM,FSA,,,,,
6-Dec,Sunday,FRM,FRM,DOSCM,LDP,CB,,,,,
7-Dec,Monday,,,,SMT,SA,,,,,
8-Dec,Tuesday,,,,AIB,AIB,,,,,
9-Dec,Wednesday,,,,BST,BST,,,,,
10-Dec,Thursday,,,,PMT,BDM,,,,,
11-Dec,Friday,,,,RWDM,FSA,,,,,
12-Dec,Saturday,BM,BM,CB,BDM,BDM,,,,,
13-Dec,Sunday,GAI,LDP,SA,SMT,DOSCM,,,,,
14-Dec,Monday,,,,AIB,AIB,,,,,
15-Dec,Tuesday,,,,BST,BST,,,,,
16-Dec,Wednesday,,,,BDM,SA,,,,,
17-Dec,Thursday,,,,BDM,BDM,,,,,
18-Dec,Friday,,,,GAI,BM,,,,,
19-Dec,Saturday,DOSCM,PMT,RWDM,FSA,FSA,,,,,
20-Dec,Sunday,FRM,FRM,AIB,AIB,,,,,,
End Term Examination from 22nd December 2026 onwards,,,,,,,,,,,